"","account_id","client_id","client_age","gender","name","region","no..of.inhabitants","no..of.municipalities.with.inhabitants...499","no..of.municipalities.with.inhabitants.500.1999","no..of.municipalities.with.inhabitants.2000.9999","no..of.municipalities.with.inhabitants..10000","no..of.cities","ratio.of.urban.inhabitants","average.salary","unemploymant.rate..95","unemploymant.rate..96","no..of.enterpreneurs.per.1000.inhabitants","no..of.commited.crimes..95","no..of.commited.crimes..96","frequency","account_age","date","amount","duration","payments","status","Avg_amount","balance"
"2",2,2,71,"M","Hl.m. Praha","Prague",1204953,0,0,0,1,1,100,12541,2,0.43,167,73,99107,"monthly issuance",23,940105,80952,24,3373,1,7954.25740740741,32590.6240740741
"19",19,25,77,"F","Tabor","south Bohemia",103347,87,16,7,1,7,67,9104,13,2.07,123,29,2354,"monthly issuance",21,960429,30276,12,2523,-1,5856.3,25197.0925
"64",67,78,72,"F","Jindrichuv Hradec","south Bohemia",93931,74,21,10,1,8,56.9,8427,8,1.54,107,18,1913,"monthly issuance",22,960502,165960,24,6915,1,12822.3536,52523.2448
"124",132,158,71,"F","Teplice","north Bohemia",128118,9,16,6,3,8,85.3,9317,68,7.07,97,71,6872,"issuance after transaction",20,961106,88440,12,7370,1,14850.7677419355,62778.0903225806
"164",173,210,77,"M","Zdar nad Sazavou","south Moravia",125832,151,41,2,3,5,48.3,8512,46,4.12,102,28,2103,"monthly issuance",23,940531,104808,12,8734,1,6642.55333333333,38709.83
"275",290,352,76,"M","Breclav","south Moravia",124605,11,42,14,1,8,46,8772,57,4.98,126,37,3158,"monthly issuance",23,941103,123696,48,2577,1,8953.21967213115,49084.3819672131
"328",344,421,51,"M","Brno - mesto","south Moravia",387570,0,0,0,1,1,100,9897,14,1.96,140,17,18696,"monthly issuance",23,941221,100980,60,1683,1,5261.04857142857,35614.7442857143
"331",347,424,69,"M","Hl.m. Praha","Prague",1204953,0,0,0,1,1,100,12541,2,0.43,167,73,99107,"monthly issuance",23,950501,187224,24,7801,-1,10834.7159090909,42084.3113636364
"407",426,512,51,"F","Prostejov","south Moravia",110643,49,41,4,1,4,51.9,8441,45,4.48,115,20,2252,"monthly issuance",23,940719,252060,60,4201,-1,11625.1229508197,57340.5081967213
"477",501,603,50,"F","Rakovnik","central Bohemia",53921,61,22,1,1,2,41.3,8598,33,3.26,123,9,1875,"monthly issuance",21,961024,262980,60,4383,1,7310.23928571429,41729.6160714286
"519",544,655,74,"M","Ceska Lipa","north Bohemia",105058,32,19,7,2,10,81,9272,35,3.22,118,55,4505,"monthly issuance",21,960822,91152,24,3798,1,9452.94415584416,44829.5441558442
"751",789,944,46,"M","Most","north Bohemia",119895,17,4,3,2,4,89.9,10446,71,9.4,90,59,4743,"monthly issuance",21,951123,73056,48,1522,1,2445.32745098039,23255.1490196078
"752",790,946,65,"M","Brno - mesto","south Moravia",387570,0,0,0,1,1,100,9897,14,1.96,140,17,18696,"monthly issuance",23,940724,208128,48,4336,-1,9442.159375,36369.975
"770",808,968,59,"M","Jesenik","north Moravia",42821,4,13,5,1,3,48.4,8173,36.5,7.01,124,38.5,1358,"monthly issuance",21,960411,215616,48,4492,-1,5273.67049180328,21447.6245901639
"775",813,976,61,"F","Jindrichuv Hradec","south Bohemia",93931,74,21,10,1,8,56.9,8427,8,1.54,107,18,1913,"monthly issuance",23,940511,24312,12,2026,1,4949.47435897436,29380.8397435897
"778",816,980,55,"M","Teplice","north Bohemia",128118,9,16,6,3,8,85.3,9317,68,7.07,97,71,6872,"monthly issuance",23,950108,48624,24,2026,1,12180.788034188,63857.2367521367
"779",817,981,56,"M","Kolin","central Bohemia",95616,65,30,4,1,6,51.4,9307,52,4.43,118,32,3040,"monthly issuance",22,950217,538500,60,8975,1,8499.93448275862,33687.8586206897
"806",846,1020,39,"F","Olomouc","north Moravia",226122,32,50,7,4,4,62.6,8994,50,4.79,110,74,9208,"monthly issuance",20,960728,187104,24,7796,1,19621.448,66292.372
"814",854,1029,62,"F","Hl.m. Praha","Prague",1204953,0,0,0,1,1,100,12541,2,0.43,167,73,99107,"monthly issuance",23,950530,87216,48,1817,1,2960.69797297297,30847.1493243243
"874",915,1102,81,"M","Olomouc","north Moravia",226122,32,50,7,4,4,62.6,8994,50,4.79,110,74,9208,"monthly issuance",21,950916,309552,48,6449,1,17429.0028571429,56105.5
"899",940,1133,58,"F","Litomerice","north Bohemia",114006,71,26,6,2,9,62.3,9065,55,5.39,123,53,4166,"monthly issuance",22,960529,284280,60,4738,1,14790.5,64182.6414893617
"918",960,1157,58,"F","Kladno","central Bohemia",149893,63,29,6,2,6,67.4,9753,56,5.05,109,63,5892,"issuance after transaction",22,950524,189060,60,3151,1,17833.45,72242.8966666667
"966",1011,1215,72,"M","Jicin","east Bohemia",77917,85,19,6,1,5,53.5,8390,24,2.89,132,21,2122,"monthly issuance",22,951218,204000,60,3400,1,7701.98769230769,37809.3984615385
"967",1012,1216,71,"F","Znojmo","south Moravia",114200,101,41,4,1,4,43.7,8403,63,5.72,105,24,2718,"monthly issuance",22,941028,98184,24,4091,1,9311.15714285714,41660.3928571429
"1024",1071,1286,66,"F","Usti nad Orlici","east Bohemia",139012,59,41,8,3,10,61.9,8363,29,3.49,108,30,2799,"weekly issuance",23,940120,253200,60,4220,1,11912.3585365854,47302.5463414634
"1057",1106,1327,53,"F","Strakonice","south Bohemia",70646,94,14,3,1,4,58.4,8547,32,3.64,120,7,1542,"weekly issuance",23,941112,192552,24,8023,-1,5774.41960784314,23979.0117647059
"1111",1166,1404,48,"F","Praha - zapad","central Bohemia",75637,35,36,9,0,7,36.5,9622,3,0.59,154,44,3529,"monthly issuance",23,940207,149040,48,3105,1,6682.02962962963,36845.5888888889
"1187",1247,1505,45,"F","Znojmo","south Moravia",114200,101,41,4,1,4,43.7,8403,63,5.72,105,24,2718,"monthly issuance",23,950316,99696,48,2077,-1,11716.7796296296,46341.2935185185
"1190",1250,1509,74,"F","Uherske Hradiste","south Moravia",145688,22,41,13,2,5,40.7,8544,10,1.86,109,35,2906,"monthly issuance",20,961125,182640,48,3805,1,9227.6,37802.23
"1196",1256,1516,70,"F","Louny","north Bohemia",85852,41,23,4,2,4,59.8,8965,70,8.23,104,34,2822,"monthly issuance",22,950529,71064,36,1974,1,4896.4476744186,34577.3023255814
"1308",1375,1663,59,"M","Prachatice","south Bohemia",51428,50,11,3,1,4,52.7,8402,39,3.98,120,76,1099,"monthly issuance",22,950829,45336,24,1889,1,7594.23222222222,48152.9533333333
"1451",1527,1851,41,"F","Tachov","west Bohemia",51313,34,12,3,1,4,59.2,8930,47,4.2,108,5,1452,"issuance after transaction",23,941119,164052,36,4557,-1,11809.2630769231,41752.1615384615
"1504",1583,1917,47,"F","Jesenik","north Moravia",42821,4,13,5,1,3,48.4,8173,36.5,7.01,124,38.5,1358,"issuance after transaction",22,960824,388512,48,8094,-1,7319.42333333333,21371.32
"1523",1603,1944,59,"F","Tachov","west Bohemia",51313,34,12,3,1,4,59.2,8930,47,4.2,108,5,1452,"monthly issuance",23,940206,78936,12,6578,1,3259,25900.3196078431
"1614",1698,2063,66,"F","Frydek - Mistek","north Moravia",228848,15,40,18,2,6,57.2,9893,54,4.72,96,65,5887,"monthly issuance",20,960706,141948,36,3943,1,8963.98,32592.68
"1676",1762,2136,76,"F","Plzen - sever","west Bohemia",72541,66,26,10,0,8,36.9,8594,15,2.01,112,8,1525,"monthly issuance",23,950428,248148,36,6893,1,5453.365,36063.7883333333
"1680",1766,2141,65,"M","Plzen - sever","west Bohemia",72541,66,26,10,0,8,36.9,8594,15,2.01,112,8,1525,"monthly issuance",22,960615,30060,60,501,1,4858.97849462366,37213.4075268817
"1686",1772,2148,63,"F","Tachov","west Bohemia",51313,34,12,3,1,4,59.2,8930,47,4.2,108,5,1452,"weekly issuance",21,960313,202788,36,5633,1,16141.2113924051,57124.2683544304
"1701",1787,2166,69,"F","Sokolov","west Bohemia",94812,15,13,8,2,10,81.8,9650,43,3.67,100,39,2804,"weekly issuance",23,930705,96396,12,8033,-1,5025,12250
"1715",1801,2181,48,"M","Nachod","east Bohemia",112709,48,20,7,3,10,73.5,8369,19,2.31,117,37,2618,"monthly issuance",23,930711,165960,36,4610,1,11015.6351351351,52083.8594594595
"1725",1811,2195,74,"F","Frydek - Mistek","north Moravia",228848,15,40,18,2,6,57.2,9893,54,4.72,96,65,5887,"monthly issuance",23,940623,239460,60,3991,1,9689.68043478261,40061.5804347826
"1756",1843,2235,76,"F","Ceske Budejovice","south Bohemia",177686,69,27,10,1,9,74.8,10045,12,1.71,135,70,6295,"monthly issuance",23,930803,105804,36,2939,1,8253.08,41297.48
"1773",1862,2259,66,"F","Prachatice","south Bohemia",51428,50,11,3,1,4,52.7,8402,39,3.98,120,76,1099,"weekly issuance",21,961016,396120,60,6602,1,15418.1084210526,58855.2778947368
"1794",1886,2288,59,"F","Ceska Lipa","north Bohemia",105058,32,19,7,2,10,81,9272,35,3.22,118,55,4505,"monthly issuance",20,960731,162468,36,4513,1,15082.5866666667,51279.5533333333
"1873",1967,2392,61,"M","Plzen - mesto","west Bohemia",170449,0,0,0,1,1,100,10787,31,3.09,131,67,6261,"weekly issuance",21,960421,249312,48,5194,1,9995.91166666667,35914.855
"1884",1978,2403,53,"F","Hl.m. Praha","Prague",1204953,0,0,0,1,1,100,12541,2,0.43,167,73,99107,"weekly issuance",23,941204,205200,36,5700,1,9244.20232558139,58336.311627907
"1899",1993,2422,40,"F","Frydek - Mistek","north Moravia",228848,15,40,18,2,6,57.2,9893,54,4.72,96,65,5887,"monthly issuance",22,950415,68400,12,5700,-1,7253.3,31793.7357142857
"1966",2062,2501,76,"F","Karvina","north Moravia",285387,0,2,8,5,7,89.9,10177,69,7.75,81,75,10108,"monthly issuance",20,961029,86184,12,7182,1,16607.0142857143,60273.6785714286
"2008",2106,2550,40,"F","Hl.m. Praha","Prague",1204953,0,0,0,1,1,100,12541,2,0.43,167,73,99107,"monthly issuance",20,961003,101520,12,8460,1,5370.04210526316,26449.0921052632
"2043",2143,2592,36,"F","Hl.m. Praha","Prague",1204953,0,0,0,1,1,100,12541,2,0.43,167,73,99107,"monthly issuance",20,960909,71460,36,1985,1,10132.9193548387,49220.9806451613
"2052",2153,2606,73,"M","Tachov","west Bohemia",51313,34,12,3,1,4,59.2,8930,47,4.2,108,5,1452,"weekly issuance",20,961128,61560,12,5130,1,9739.39718309859,32967.7126760563
"2066",2167,2623,51,"F","Jindrichuv Hradec","south Bohemia",93931,74,21,10,1,8,56.9,8427,8,1.54,107,18,1913,"monthly issuance",23,941030,170256,24,7094,1,9089.42467532468,40091.1831168831
"2073",2176,2635,50,"F","Bruntal","north Moravia",106054,38,25,6,2,6,63.1,8110,65,6.55,109,41,3079,"monthly issuance",23,940730,299088,36,8308,-1,12746.5865079365,51992.8547619048
"2111",2218,2686,65,"F","Prachatice","south Bohemia",51428,50,11,3,1,4,52.7,8402,39,3.98,120,76,1099,"monthly issuance",22,951118,182040,60,3034,1,17539.7966101695,67475.9016949153
"2120",2227,2698,46,"F","Tachov","west Bohemia",51313,34,12,3,1,4,59.2,8930,47,4.2,108,5,1452,"weekly issuance",22,951212,92976,24,3874,1,12039.4669724771,50436.4660550459
"2121",2228,2700,71,"M","Chomutov","north Bohemia",125236,28,11,1,4,5,87.7,9675,67,7.68,100,64,5190,"monthly issuance",22,950329,185952,48,3874,1,12283.3852941176,50113.1941176471
"2129",2236,2708,58,"M","Opava","north Moravia",182027,17,49,12,2,7,56.4,8746,42,3.74,90,56,4433,"monthly issuance",21,960926,139464,36,3874,-1,8131.07096774194,31532.7483870968
"2137",2245,2719,52,"F","Rokycany","west Bohemia",45714,52,10,5,1,6,55.6,8843,36,3.6,113,72,888,"monthly issuance",23,950116,347952,48,7249,1,13441.4283333333,54157.1941666667
"2157",2268,2746,45,"M","Hl.m. Praha","Prague",1204953,0,0,0,1,1,100,12541,2,0.43,167,73,99107,"monthly issuance",21,960718,20196,36,561,1,8501.32291666667,52636.5989583333
"2205",2322,2809,37,"M","Decin","north Bohemia",133777,24,17,7,3,11,84.7,8705,64,7.61,116,58,4859,"monthly issuance",21,960629,46320,24,1930,1,8064.2702247191,43657.8134831461
"2226",2343,2831,36,"F","Frydek - Mistek","north Moravia",228848,15,40,18,2,6,57.2,9893,54,4.72,96,65,5887,"monthly issuance",22,951104,99336,24,4139,1,4348.37307692308,27019.5711538462
"2228",2345,2834,67,"M","Usti nad Orlici","east Bohemia",139012,59,41,8,3,10,61.9,8363,29,3.49,108,30,2799,"monthly issuance",23,941211,199680,60,3328,1,7353.52702702703,33658.6175675676
"2235",2352,2843,50,"F","Karvina","north Moravia",285387,0,2,8,5,7,89.9,10177,69,7.75,81,75,10108,"monthly issuance",21,960429,49440,60,824,1,5547.67,47798.8654545455
"2244",2361,2853,60,"F","Plzen - sever","west Bohemia",72541,66,26,10,0,8,36.9,8594,15,2.01,112,8,1525,"monthly issuance",22,950401,156672,36,4352,1,3313.364,22927.5026666667
"2300",2419,2922,76,"M","Hradec Kralove","east Bohemia",161854,73,21,6,1,6,76.3,9425,17,2.5,125,52,3891,"monthly issuance",23,950130,95808,12,7984,1,16058.6944444444,59701.7866666667
"2336",2456,2966,61,"M","Znojmo","south Moravia",114200,101,41,4,1,4,43.7,8403,63,5.72,105,24,2718,"monthly issuance",21,960415,200976,48,4187,1,11032.8885714286,47938.0657142857
"2364",2486,3001,58,"M","Hl.m. Praha","Prague",1204953,0,0,0,1,1,100,12541,2,0.43,167,73,99107,"monthly issuance",23,940110,24516,12,2043,1,16201.5589041096,55582.2260273973
"2374",2496,3013,66,"F","Trutnov","east Bohemia",121947,37,28,7,3,11,70.5,8541,28,2.97,131,45,3839,"monthly issuance",22,960112,165120,60,2752,1,3217.27068965517,24377.3715517241
"2447",2572,3103,43,"F","Zlin","south Moravia",197099,29,41,10,2,10,74.7,9624,14,2.31,145,57,4265,"issuance after transaction",22,960613,360000,48,7500,1,14897.4022058824,51149.6551470588
"2455",2580,3113,45,"F","Prostejov","south Moravia",110643,49,41,4,1,4,51.9,8441,45,4.48,115,20,2252,"monthly issuance",21,960802,89340,60,1489,1,4662.46818181818,39644.7636363636
"2564",2694,3251,54,"F","Usti nad Orlici","east Bohemia",139012,59,41,8,3,10,61.9,8363,29,3.49,108,30,2799,"monthly issuance",23,940308,91632,12,7636,1,6304.10571428571,40976.9428571429
"2574",2705,3264,66,"F","Vyskov","south Moravia",86513,38,36,5,1,5,50.5,8288,49,4.52,110,6,1460,"issuance after transaction",23,931208,93888,36,2608,1,7121.91578947368,37510.4947368421
"2629",2762,3335,49,"M","Praha - zapad","central Bohemia",75637,35,36,9,0,7,36.5,9622,3,0.59,154,44,3529,"monthly issuance",23,940705,111384,24,4641,1,13525.0236842105,65097.2243421053
"2686",2824,3414,69,"F","Praha - zapad","central Bohemia",75637,35,36,9,0,7,36.5,9622,3,0.59,154,44,3529,"monthly issuance",23,940716,50460,60,841,1,6392.97209302326,37570.6279069767
"2772",2912,3519,67,"M","Ostrava - mesto","north Moravia",323870,0,0,0,1,1,100,10673,59,5.44,100,19,18347,"monthly issuance",22,960229,380160,60,6336,1,15887.9935779817,64777.0752293578
"2793",2933,3542,77,"M","Praha - vychod","central Bohemia",92084,55,29,4,3,5,46.7,10124,4,0.54,141,50,4316,"monthly issuance",23,940517,272520,60,4542,1,10778.3452380952,44602.6416666667
"2819",2962,3576,77,"F","Hl.m. Praha","Prague",1204953,0,0,0,1,1,100,12541,2,0.43,167,73,99107,"monthly issuance",23,941221,31248,12,2604,1,13845.4583333333,64493.0991666667
"2849",2994,3616,52,"F","Vsetin","north Moravia",148545,8,35,12,3,4,53.5,8909,53,5.56,113,43,3590,"monthly issuance",20,960914,48744,36,1354,1,11392.2357142857,42930.2071428571
"2875",3021,3649,57,"F","Praha - vychod","central Bohemia",92084,55,29,4,3,5,46.7,10124,4,0.54,141,50,4316,"monthly issuance",20,961204,155616,48,3242,1,9151.15333333333,39426.07
"2890",3037,3670,36,"F","Chrudim","east Bohemia",105606,77,26,7,2,7,53,8254,34,3.76,97,26,2325,"monthly issuance",22,960418,277884,36,7719,-1,10720.3076923077,46487.0025641026
"2903",3050,3687,44,"M","Semily","east Bohemia",75685,31,28,5,1,9,60.8,8208,21,2.26,155,12,2123,"monthly issuance",23,940902,82896,12,6908,1,10765.9777777778,57141.730952381
"2916",3064,3705,51,"F","Hl.m. Praha","Prague",1204953,0,0,0,1,1,100,12541,2,0.43,167,73,99107,"monthly issuance",23,950321,15420,12,1285,1,3142.18410596026,24577.2
"2933",3084,3730,71,"F","Kromeriz","south Moravia",108871,41,29,7,2,6,62.1,8444,40,3.47,106,31,2305,"weekly issuance",20,960828,253512,36,7042,-1,11379.2586206897,37095.8448275862
"2960",3112,3763,39,"F","Louny","north Bohemia",85852,41,23,4,2,4,59.8,8965,70,8.23,104,34,2822,"monthly issuance",22,960224,123216,48,2567,1,12136.38203125,70622.83359375
"2963",3115,3767,80,"M","Ceske Budejovice","south Bohemia",177686,69,27,10,1,9,74.8,10045,12,1.71,135,70,6295,"monthly issuance",20,961115,321180,60,5353,1,13585.0289473684,40524.4631578947
"3010",3166,3829,44,"M","Kromeriz","south Moravia",108871,41,29,7,2,6,62.1,8444,40,3.47,106,31,2305,"monthly issuance",23,950103,177744,48,3703,-1,6726.88842105263,26746.5252631579
"3033",3189,3855,77,"M","Rokycany","west Bohemia",45714,52,10,5,1,6,55.6,8843,36,3.6,113,72,888,"monthly issuance",21,961215,222180,60,3703,-1,11725.4949152542,55230.4440677966
"3071",3230,3907,62,"F","Hl.m. Praha","Prague",1204953,0,0,0,1,1,100,12541,2,0.43,167,73,99107,"monthly issuance",21,961004,77184,36,2144,1,14561.2571428571,50722.2701298701
"3190",3354,4056,64,"F","Vyskov","south Moravia",86513,38,36,5,1,5,50.5,8288,49,4.52,110,6,1460,"monthly issuance",23,940705,4980,12,415,1,3932.50434782609,30533.3717391304
"3313",3489,4217,65,"F","Nymburk","central Bohemia",81344,61,23,4,2,6,55.3,8899,44,3.97,149,40,2487,"monthly issuance",22,950801,44088,24,1837,1,6617.940625,36548.81875
"3430",3608,4352,45,"M","Olomouc","north Moravia",226122,32,50,7,4,4,62.6,8994,50,4.79,110,74,9208,"weekly issuance",22,960524,161496,36,4486,1,6844.42692307692,33219.9
"3448",3629,4377,38,"M","Rychnov nad Kneznou","east Bohemia",78955,50,24,8,1,9,59,9060,18,2.44,124,10,1717,"monthly issuance",23,950530,158760,60,2646,1,4654.08915662651,24908.7614457831
"3490",3674,4428,62,"M","Louny","north Bohemia",85852,41,23,4,2,4,59.8,8965,70,8.23,104,34,2822,"monthly issuance",23,940910,23628,12,1969,1,9915.67272727273,47420.8418181818
"3494",3678,4433,48,"M","Hl.m. Praha","Prague",1204953,0,0,0,1,1,100,12541,2,0.43,167,73,99107,"monthly issuance",23,950205,316140,60,5269,-1,3872.06834532374,18632.9338129496
"3495",3679,4434,52,"M","Zlin","south Moravia",197099,29,41,10,2,10,74.7,9624,14,2.31,145,57,4265,"monthly issuance",21,960723,444864,48,9268,1,6433.1765625,32404.7734375
"3559",3747,4520,59,"F","Hl.m. Praha","Prague",1204953,0,0,0,1,1,100,12541,2,0.43,167,73,99107,"monthly issuance",22,950102,76380,12,6365,1,3571.59111111111,26122.8488888889
"3564",3752,4527,53,"F","Hl.m. Praha","Prague",1204953,0,0,0,1,1,100,12541,2,0.43,167,73,99107,"monthly issuance",22,950402,18564,12,1547,1,8589.66923076923,35538.0461538462
"3566",3754,4529,40,"M","Litomerice","north Bohemia",114006,71,26,6,2,9,62.3,9065,55,5.39,123,53,4166,"weekly issuance",20,961103,68544,24,2856,1,8948.18333333333,44948.6259259259
"3614",3804,4584,67,"F","Melnik","central Bohemia",94725,38,28,1,3,6,63.4,9920,23,2.87,130,54,4846,"monthly issuance",22,960208,63252,12,5271,1,9457.76036585366,49291.8225609756
"3642",3834,4620,76,"F","Brno - mesto","south Moravia",387570,0,0,0,1,1,100,9897,14,1.96,140,17,18696,"monthly issuance",23,940928,23052,12,1921,1,3618.32631578947,23771.9660818713
"3823",4079,4916,77,"M","Usti nad Orlici","east Bohemia",139012,59,41,8,3,10,61.9,8363,29,3.49,108,30,2799,"monthly issuance",23,950405,158976,48,3312,1,8573.47692307692,49916.091025641
"3824",4081,4918,48,"M","Praha - zapad","central Bohemia",75637,35,36,9,0,7,36.5,9622,3,0.59,154,44,3529,"monthly issuance",21,951128,137904,24,5746,-1,6363.31666666667,26886.1916666667
"3870",4259,5133,57,"F","Zdar nad Sazavou","south Moravia",125832,151,41,2,3,5,48.3,8512,46,4.12,102,28,2103,"monthly issuance",22,940827,79632,24,3318,1,24948.65625,63494.2
"3871",4260,5134,49,"F","Jihlava","south Moravia",109164,98,16,6,1,4,63.6,8757,43,3.95,96,27,2471,"monthly issuance",23,940629,244560,60,4076,1,10168.9452380952,38426.7285714286
"3894",4337,5224,67,"M","Rokycany","west Bohemia",45714,52,10,5,1,6,55.6,8843,36,3.6,113,72,888,"monthly issuance",23,941208,51408,24,2142,1,13410.8203125,52299.2859375
"3917",4413,5318,48,"M","Ostrava - mesto","north Moravia",323870,0,0,0,1,1,100,10673,59,5.44,100,19,18347,"weekly issuance",22,950208,221280,48,4610,1,11891.5014084507,37596.9323943662
"3918",4414,5320,65,"F","Pelhrimov","south Bohemia",74062,99,15,4,2,7,61.4,8114,25,2.62,119,2,1181,"monthly issuance",23,950223,97224,24,4051,1,3938.21428571429,22360.5366071429
"3922",4423,5333,49,"F","Most","north Bohemia",119895,17,4,3,2,4,89.9,10446,71,9.4,90,59,4743,"monthly issuance",21,951031,73836,36,2051,1,16708.0578947368,55315.1684210526
"3924",4427,5337,55,"M","Hl.m. Praha","Prague",1204953,0,0,0,1,1,100,12541,2,0.43,167,73,99107,"monthly issuance",23,940926,87816,12,7318,1,4538.9,25533.2142857143
"3931",4447,5364,52,"M","Uherske Hradiste","south Moravia",145688,22,41,13,2,5,40.7,8544,10,1.86,109,35,2906,"monthly issuance",20,961031,192744,36,5354,1,15435.0576923077,62590.4230769231
"3932",4448,5366,45,"F","Prostejov","south Moravia",110643,49,41,4,1,4,51.9,8441,45,4.48,115,20,2252,"monthly issuance",23,941003,192744,36,5354,1,7643.90921052632,37265.6552631579
"3936",4462,5384,81,"M","Opava","north Moravia",182027,17,49,12,2,7,56.4,8746,42,3.74,90,56,4433,"weekly issuance",21,960514,66480,24,2770,-1,13609.12,34798.28
"3943",4476,5399,44,"F","Karlovy Vary","west Bohemia",122603,25,21,6,2,8,80,8991,11,2.01,128,62,5273,"monthly issuance",22,960925,15192,24,633,1,4099.69467455621,29941.9053254438
"3949",4503,5433,41,"M","Svitavy","east Bohemia",102609,75,33,2,3,6,52,8187,61,5.45,94,23,2134,"monthly issuance",21,960101,135360,48,2820,1,14958.5948051948,64881.3142857143
"3961",4576,5517,52,"M","Hodonin","south Moravia",161954,21,37,20,3,8,48,8720,48,4.5,116,47,3651,"monthly issuance",23,940604,300204,36,8339,1,6578.11830985915,34084.4605633803
"3962",4580,5521,43,"F","Nymburk","central Bohemia",81344,61,23,4,2,6,55.3,8899,44,3.97,149,40,2487,"monthly issuance",22,950805,20220,12,1685,1,9715.85490196078,41077.6352941176
"3963",4585,5526,69,"M","Plzen - jih","west Bohemia",67298,71,19,10,0,7,43.8,8561,5,1.29,110,3,1127,"monthly issuance",20,961010,64656,48,1347,1,6379.075,25896.4666666667
"3971",4650,5606,36,"M","Kladno","central Bohemia",149893,63,29,6,2,6,67.4,9753,56,5.05,109,63,5892,"monthly issuance",21,960825,402000,60,6700,1,3029.88888888889,21568.9351851852
"3977",4727,5701,57,"F","Benesov","central Bohemia",88884,80,26,6,2,5,46.7,8507,16,1.85,132,25,2674,"monthly issuance",21,950811,107640,24,4485,1,17488.552173913,50214.5043478261
"3983",4774,5760,68,"M","Zdar nad Sazavou","south Moravia",125832,151,41,2,3,5,48.3,8512,46,4.12,102,28,2103,"monthly issuance",22,950709,465072,48,9689,1,8579.53495145631,27778.745631068
"3987",4825,5826,48,"M","Cesky Krumlov","south Bohemia",58796,22,16,7,1,5,51.9,9045,39,3.6,124,15,1879,"monthly issuance",22,950818,21396,12,1783,1,4644.43717948718,30812.9461538462
"3988",4851,5858,64,"M","Usti nad Orlici","east Bohemia",139012,59,41,8,3,10,61.9,8363,29,3.49,108,30,2799,"monthly issuance",20,960822,141648,24,5902,1,14106.1222222222,45100.4222222222
"3989",4852,5860,52,"M","Pardubice","east Bohemia",162580,83,26,5,1,6,72.8,9538,13,1.81,111,68,5410,"monthly issuance",21,960304,213300,36,5925,1,3730.20169491525,27951.913559322
"3992",4894,5911,81,"M","Ceske Budejovice","south Bohemia",177686,69,27,10,1,9,74.8,10045,12,1.71,135,70,6295,"monthly issuance",23,931104,117024,24,4876,1,14122.5769230769,44131.1692307692
"3993",4907,5928,46,"F","Havlickuv Brod","east Bohemia",95907,87,25,5,2,7,59.1,8388,26,2.94,87,11,1668,"monthly issuance",22,960103,98832,48,2059,1,4382.09435028249,31814.2683615819
"3994",4937,5965,65,"M","Svitavy","east Bohemia",102609,75,33,2,3,6,52,8187,61,5.45,94,23,2134,"monthly issuance",23,940723,143904,24,5996,1,9194.26115107914,49727.4561151079
"3995",4948,5977,37,"M","Hradec Kralove","east Bohemia",161854,73,21,6,1,6,76.3,9425,17,2.5,125,52,3891,"monthly issuance",21,961115,359760,60,5996,1,8082.33958333333,32434.69375
"3998",4981,6015,43,"M","Brno - mesto","south Moravia",387570,0,0,0,1,1,100,9897,14,1.96,140,17,18696,"monthly issuance",20,961128,179328,48,3736,1,8935.78461538461,44093.9711538462
"3999",4994,6033,50,"M","Hl.m. Praha","Prague",1204953,0,0,0,1,1,100,12541,2,0.43,167,73,99107,"weekly issuance",20,960803,258444,36,7179,1,8680.75625,40688.1375
"4000",4995,6034,77,"M","Strakonice","south Bohemia",70646,94,14,3,1,4,58.4,8547,32,3.64,120,7,1542,"weekly issuance",22,960203,128988,36,3583,-1,7562.66585365854,34740.7024390244
"4002",5001,6042,53,"M","Blansko","south Moravia",107911,88,33,6,2,7,50.9,8240,30,3.56,99,16,1903,"monthly issuance",21,961109,110112,24,4588,1,17234.7158536585,76232.7
"4005",5033,6077,36,"F","Brno - mesto","south Moravia",387570,0,0,0,1,1,100,9897,14,1.96,140,17,18696,"monthly issuance",21,960725,11400,12,950,1,2434.24415584416,27533.6636363636
"4008",5066,6115,63,"F","Rakovnik","central Bohemia",53921,61,22,1,1,2,41.3,8598,33,3.26,123,9,1875,"weekly issuance",21,960210,61656,24,2569,-1,16007.9583333333,44763.4583333333
"4012",5120,6178,76,"F","Hl.m. Praha","Prague",1204953,0,0,0,1,1,100,12541,2,0.43,167,73,99107,"monthly issuance",23,940810,323472,48,6739,1,12422.0157894737,45414.0736842105
"4014",5126,6185,68,"F","Jihlava","south Moravia",109164,98,16,6,1,4,63.6,8757,43,3.95,96,27,2471,"monthly issuance",21,960111,20352,48,424,1,3609.74166666667,31814.4145833333
"4022",5213,6299,80,"M","Hl.m. Praha","Prague",1204953,0,0,0,1,1,100,12541,2,0.43,167,73,99107,"monthly issuance",21,960425,320976,48,6687,-1,15093.958,49482.968
"4023",5215,6301,67,"F","Brno - venkov","south Moravia",157042,49,70,18,0,9,33.9,8743,20,2.43,111,46,3894,"monthly issuance",23,940804,14628,12,1219,1,4093.03529411765,32788.1421568627
"4024",5228,6317,59,"F","Vsetin","north Moravia",148545,8,35,12,3,4,53.5,8909,53,5.56,113,43,3590,"issuance after transaction",23,940711,173808,24,7242,1,17396.5853333333,61218.6586666667
"4026",5256,6349,44,"M","Olomouc","north Moravia",226122,32,50,7,4,4,62.6,8994,50,4.79,110,74,9208,"issuance after transaction",23,940510,193968,36,5388,1,16951.0344827586,63579.2172413793
"4027",5263,6359,40,"M","Zlin","south Moravia",197099,29,41,10,2,10,74.7,9624,14,2.31,145,57,4265,"monthly issuance",21,961112,276300,60,4605,1,3104.77608695652,25997.5630434783
"4030",5270,6367,46,"M","Chrudim","east Bohemia",105606,77,26,7,2,7,53,8254,34,3.76,97,26,2325,"monthly issuance",23,931122,79608,24,3317,1,17600.358490566,69954.5716981132
"4034",5313,6417,66,"M","Teplice","north Bohemia",128118,9,16,6,3,8,85.3,9317,68,7.07,97,71,6872,"monthly issuance",23,940227,300660,60,5011,1,10342.5303030303,45854.8909090909
"4043",5385,6499,53,"M","Chrudim","east Bohemia",105606,77,26,7,2,7,53,8254,34,3.76,97,26,2325,"weekly issuance",23,940407,149340,60,2489,1,5778.79107142857,29069.1160714286
"4046",5422,6544,42,"M","Zdar nad Sazavou","south Moravia",125832,151,41,2,3,5,48.3,8512,46,4.12,102,28,2103,"monthly issuance",22,960603,368880,60,6148,1,11574.082967033,60030.7434065934
"4048",5428,6551,68,"F","Karlovy Vary","west Bohemia",122603,25,21,6,2,8,80,8991,11,2.01,128,62,5273,"monthly issuance",23,930924,174744,24,7281,-1,11557.95,37485.45625
"4050",5442,6567,38,"F","Kolin","central Bohemia",95616,65,30,4,1,6,51.4,9307,52,4.43,118,32,3040,"monthly issuance",23,940617,174744,24,7281,-1,7375.6279661017,26252.8144067797
"4054",5481,6616,63,"M","Hl.m. Praha","Prague",1204953,0,0,0,1,1,100,12541,2,0.43,167,73,99107,"monthly issuance",23,940911,209184,48,4358,1,14438.2117647059,46230.3397058824
"4057",5541,6691,74,"M","Hradec Kralove","east Bohemia",161854,73,21,6,1,6,76.3,9425,17,2.5,125,52,3891,"monthly issuance",21,960718,32640,48,680,1,2772.75981308411,25906.4093457944
"4060",5574,6731,73,"M","Rakovnik","central Bohemia",53921,61,22,1,1,2,41.3,8598,33,3.26,123,9,1875,"weekly issuance",22,960410,44628,12,3719,1,14238.0808219178,49477.3212328767
"4062",5593,6753,54,"M","Cesky Krumlov","south Bohemia",58796,22,16,7,1,5,51.9,9045,39,3.6,124,15,1879,"monthly issuance",20,960809,44376,12,3698,1,15332.3871794872,53505.2153846154
"4064",5622,6789,37,"M","Hodonin","south Moravia",161954,21,37,20,3,8,48,8720,48,4.5,116,47,3651,"monthly issuance",23,941102,83016,12,6918,1,13414.5566326531,67891.9352040816
"4065",5628,6798,68,"F","Trebic","south Moravia",117897,139,28,5,1,6,53.8,8814,60,5.74,107,22,2059,"monthly issuance",22,950425,225420,60,3757,1,5452.3431372549,31185.1568627451
"4066",5632,6803,36,"F","Kolin","central Bohemia",95616,65,30,4,1,6,51.4,9307,52,4.43,118,32,3040,"weekly issuance",22,950725,285600,60,4760,1,10411.7204081633,49651.8918367347
"4068",5650,6829,53,"F","Praha - vychod","central Bohemia",92084,55,29,4,3,5,46.7,10124,4,0.54,141,50,4316,"issuance after transaction",21,950710,98592,24,4108,1,10807.3807692308,54128.5653846154
"4072",5700,6895,45,"M","Havlickuv Brod","east Bohemia",95907,87,25,5,2,7,59.1,8388,26,2.94,87,11,1668,"monthly issuance",23,950316,103680,60,1728,-1,3896.38256880734,28250.1091743119
"4076",5735,6936,57,"F","Usti nad Orlici","east Bohemia",139012,59,41,8,3,10,61.9,8363,29,3.49,108,30,2799,"monthly issuance",21,960221,290700,60,4845,-1,14274.571,59647.424
"4078",5742,6946,46,"F","Ostrava - mesto","north Moravia",323870,0,0,0,1,1,100,10673,59,5.44,100,19,18347,"issuance after transaction",21,951216,232560,48,4845,1,13066.7259259259,63188.6333333333
"4081",5774,6987,48,"M","Hl.m. Praha","Prague",1204953,0,0,0,1,1,100,12541,2,0.43,167,73,99107,"monthly issuance",21,951128,31176,24,1299,1,9027.31739130435,46304.152173913
"4082",5794,7010,49,"M","Karvina","north Moravia",285387,0,2,8,5,7,89.9,10177,69,7.75,81,75,10108,"monthly issuance",21,960506,123600,60,2060,1,9121.30612244898,39514.6775510204
"4088",5891,7127,59,"M","Beroun","central Bohemia",75232,55,26,4,1,5,41.7,8980,22,2.21,111,36,2813,"monthly issuance",23,940418,65184,12,5432,1,11972.6768292683,47426.55
"4090",5927,7166,52,"M","Cesky Krumlov","south Bohemia",58796,22,16,7,1,5,51.9,9045,39,3.6,124,15,1879,"monthly issuance",23,940606,87216,48,1817,-1,4041.37878787879,28362.2484848485
"4092",5952,7195,54,"M","Svitavy","east Bohemia",102609,75,33,2,3,6,52,8187,61,5.45,94,23,2134,"monthly issuance",23,940930,141240,24,5885,1,9343.38529411765,57219.5745098039
"4094",5991,7241,59,"F","Hodonin","south Moravia",161954,21,37,20,3,8,48,8720,48,4.5,116,47,3651,"monthly issuance",23,941103,61056,48,1272,1,5646.3390625,36039.0515625
"4095",6030,7286,46,"F","Pardubice","east Bohemia",162580,83,26,5,1,6,72.8,9538,13,1.81,111,68,5410,"monthly issuance",23,950304,28248,24,1177,1,8111.68085106383,45582.4489361702
"4096",6034,7291,76,"F","Vsetin","north Moravia",148545,8,35,12,3,4,53.5,8909,53,5.56,113,43,3590,"weekly issuance",23,931201,464520,60,7742,-1,13335.7985294118,51760.0161764706
"4097",6040,7299,78,"M","Hl.m. Praha","Prague",1204953,0,0,0,1,1,100,12541,2,0.43,167,73,99107,"monthly issuance",23,941002,11736,24,489,1,6032.84360902256,42224.4390977444
"4098",6051,7311,67,"M","Breclav","south Moravia",124605,11,42,14,1,8,46,8772,57,4.98,126,37,3158,"monthly issuance",23,940708,276660,36,7685,-1,3499.28620689655,19256.8948275862
"4105",6118,7390,79,"M","Hl.m. Praha","Prague",1204953,0,0,0,1,1,100,12541,2,0.43,167,73,99107,"weekly issuance",22,950108,270648,36,7518,-1,12958.5638888889,60819.9763888889
"4107",6148,7422,58,"M","Ostrava - mesto","north Moravia",323870,0,0,0,1,1,100,10673,59,5.44,100,19,18347,"monthly issuance",23,941104,59760,24,2490,1,8295.15555555556,40204.4648148148
"4110",6226,7521,56,"F","Ostrava - mesto","north Moravia",323870,0,0,0,1,1,100,10673,59,5.44,100,19,18347,"weekly issuance",23,941220,398640,60,6644,1,16552.9627906977,63383.5755813954
"4112",6273,7576,54,"M","Louny","north Bohemia",85852,41,23,4,2,4,59.8,8965,70,8.23,104,34,2822,"monthly issuance",23,940607,87360,24,3640,1,8145.61333333333,36783.95
"4114",6289,7594,67,"F","Zlin","south Moravia",197099,29,41,10,2,10,74.7,9624,14,2.31,145,57,4265,"monthly issuance",21,960811,85632,48,1784,1,15232.2929411765,65066.7352941177
"4117",6353,7672,63,"M","Plzen - mesto","west Bohemia",170449,0,0,0,1,1,100,10787,31,3.09,131,67,6261,"monthly issuance",23,950212,79920,60,1332,1,7707.40631578947,43846.9778947368
"4118",6358,7678,54,"M","Beroun","central Bohemia",75232,55,26,4,1,5,41.7,8980,22,2.21,111,36,2813,"monthly issuance",21,960806,270384,48,5633,1,12403.5068965517,47654.2448275862
"4119",6363,7683,70,"M","Pribram","central Bohemia",107870,84,29,6,1,6,58,8754,51,4.31,137,49,3868,"monthly issuance",23,941025,17508,12,1459,1,4842.76527777778,39290.6180555556
"4120",6397,7723,50,"F","Rychnov nad Kneznou","east Bohemia",78955,50,24,8,1,9,59,9060,18,2.44,124,10,1717,"monthly issuance",21,960916,181020,60,3017,1,7273.75913978495,34005.9064516129
"4121",6400,7727,58,"F","Tachov","west Bohemia",51313,34,12,3,1,4,59.2,8930,47,4.2,108,5,1452,"issuance after transaction",21,960212,72408,24,3017,-1,13997.2230769231,45099.2615384615
"4122",6425,7753,38,"F","Karvina","north Moravia",285387,0,2,8,5,7,89.9,10177,69,7.75,81,75,10108,"monthly issuance",23,941220,36684,12,3057,1,4768.6432,30229.7976
"4123",6434,7765,58,"F","Hl.m. Praha","Prague",1204953,0,0,0,1,1,100,12541,2,0.43,167,73,99107,"monthly issuance",21,961111,110136,24,4589,1,11660.5365079365,50815.8047619048
"4128",6472,7814,40,"F","Trebic","south Moravia",117897,139,28,5,1,6,53.8,8814,60,5.74,107,22,2059,"monthly issuance",22,950206,43164,12,3597,1,14188.2565217391,68377.0637681159
"4129",6473,7815,70,"F","Kladno","central Bohemia",149893,63,29,6,2,6,67.4,9753,56,5.05,109,63,5892,"monthly issuance",23,940526,76908,12,6409,-1,12928.4990196078,52890.4039215686
"4135",6555,7914,50,"F","Louny","north Bohemia",85852,41,23,4,2,4,59.8,8965,70,8.23,104,34,2822,"weekly issuance",23,940331,212400,36,5900,1,11301.5661971831,51034.361971831
"4138",6609,7980,40,"M","Jindrichuv Hradec","south Bohemia",93931,74,21,10,1,8,56.9,8427,8,1.54,107,18,1913,"monthly issuance",21,951112,60156,36,1671,-1,15972.2803571429,72667.6357142857
"4143",6688,8076,66,"F","Jindrichuv Hradec","south Bohemia",93931,74,21,10,1,8,56.9,8427,8,1.54,107,18,1913,"monthly issuance",20,961023,22968,36,638,1,4184.63636363636,23324.9363636364
"4145",6701,8091,45,"M","Kolin","central Bohemia",95616,65,30,4,1,6,51.4,9307,52,4.43,118,32,3040,"weekly issuance",23,931208,95400,36,2650,1,10370.7021276596,41562.3234042553
"4147",6715,8105,53,"M","Olomouc","north Moravia",226122,32,50,7,4,4,62.6,8994,50,4.79,110,74,9208,"weekly issuance",23,950114,137880,60,2298,-1,6024.03258426966,24523.0730337079
"4148",6738,8130,40,"F","Uherske Hradiste","south Moravia",145688,22,41,13,2,5,40.7,8544,10,1.86,109,35,2906,"monthly issuance",22,951031,37908,12,3159,1,7485.49605263158,42164.0276315789
"4158",6924,8359,37,"M","Ostrava - mesto","north Moravia",323870,0,0,0,1,1,100,10673,59,5.44,100,19,18347,"monthly issuance",22,951205,194880,48,4060,1,8187.94513274336,36421.4256637168
"4160",6930,8366,56,"F","Usti nad Labem","north Bohemia",118650,8,8,5,1,3,85.6,9832,41,4.48,114,69,5471,"monthly issuance",23,940526,25944,24,1081,1,10704.7513513514,56927.4540540541
"4162",6985,8432,48,"F","Louny","north Bohemia",85852,41,23,4,2,4,59.8,8965,70,8.23,104,34,2822,"monthly issuance",21,960725,96768,36,2688,1,13244.2257575758,51611.3424242424
"4171",7123,8598,59,"F","Nachod","east Bohemia",112709,48,20,7,3,10,73.5,8369,19,2.31,117,37,2618,"issuance after transaction",23,931209,47016,12,3918,1,12252.2238095238,60382.0857142857
"4172",7133,8610,68,"F","Brno - venkov","south Moravia",157042,49,70,18,0,9,33.9,8743,20,2.43,111,46,3894,"monthly issuance",23,941106,48672,36,1352,1,1577.49381443299,23050.1896907217
"4173",7136,8615,77,"F","Pribram","central Bohemia",107870,84,29,6,1,6,58,8754,51,4.31,137,49,3868,"weekly issuance",21,960919,74124,36,2059,1,9023.62540983607,54371.2991803279
"4178",7184,8670,73,"F","Kolin","central Bohemia",95616,65,30,4,1,6,51.4,9307,52,4.43,118,32,3040,"monthly issuance",21,960804,155640,24,6485,1,5793.88,45183.3495238095
"4179",7190,8677,61,"M","Semily","east Bohemia",75685,31,28,5,1,9,60.8,8208,21,2.26,155,12,2123,"monthly issuance",23,950606,63360,60,1056,1,3181.76974789916,29108.3638655462
"4185",7401,9173,71,"M","Hl.m. Praha","Prague",1204953,0,0,0,1,1,100,12541,2,0.43,167,73,99107,"monthly issuance",23,940105,80952,24,3373,1,7937.75,33312.5388888889
"4186",7418,9196,77,"F","Tabor","south Bohemia",103347,87,16,7,1,7,67,9104,13,2.07,123,29,2354,"monthly issuance",21,960429,30276,12,2523,-1,5028.04565217391,31318.872826087
"4189",7445,9226,77,"F","Zlin","south Moravia",197099,29,41,10,2,10,74.7,9624,14,2.31,145,57,4265,"monthly issuance",23,940315,55368,24,2307,1,8702.47551020408,46061.3193877551
"4191",7454,9236,60,"F","Tachov","west Bohemia",51313,34,12,3,1,4,59.2,8930,47,4.2,108,5,1452,"monthly issuance",23,940526,63312,48,1319,1,2011.23170731707,22551.7792682927
"4193",7485,9273,61,"F","Most","north Bohemia",119895,17,4,3,2,4,89.9,10446,71,9.4,90,59,4743,"monthly issuance",23,940316,91200,24,3800,1,9999.52222222222,32558.5333333333
"4196",7523,9316,58,"F","Vyskov","south Moravia",86513,38,36,5,1,5,50.5,8288,49,4.52,110,6,1460,"monthly issuance",22,950103,288468,36,8013,1,8402.38235294118,36999.5235294118
"4198",7546,9346,44,"M","Hradec Kralove","east Bohemia",161854,73,21,6,1,6,76.3,9425,17,2.5,125,52,3891,"monthly issuance",22,951102,41952,12,3496,1,5890.40761904762,41502.0257142857
"4200",7562,9366,41,"M","Olomouc","north Moravia",226122,32,50,7,4,4,62.6,8994,50,4.79,110,74,9208,"weekly issuance",21,951231,309600,48,6450,1,16045.6071428571,58185.5892857143
"4203",7606,9417,67,"M","Tabor","south Bohemia",103347,87,16,7,1,7,67,9104,13,2.07,123,29,2354,"monthly issuance",21,951212,191880,60,3198,1,12113.7551724138,53685.7862068966
"4204",7607,9418,66,"M","Hl.m. Praha","Prague",1204953,0,0,0,1,1,100,12541,2,0.43,167,73,99107,"monthly issuance",23,950327,31728,24,1322,1,5173.09145299145,31139.7478632479
"4205",7614,9427,46,"F","Uherske Hradiste","south Moravia",145688,22,41,13,2,5,40.7,8544,10,1.86,109,35,2906,"monthly issuance",21,960518,320592,48,6679,1,13875.4170454545,60781.3068181818
"4215",7753,9593,48,"F","Ostrava - mesto","north Moravia",323870,0,0,0,1,1,100,10673,59,5.44,100,19,18347,"monthly issuance",23,940311,51696,24,2154,1,13901.2696078431,58226.5049019608
"4216",7765,9606,67,"M","Usti nad Orlici","east Bohemia",139012,59,41,8,3,10,61.9,8363,29,3.49,108,30,2799,"weekly issuance",22,951211,27984,12,2332,1,7289.58421052632,30639.8631578947
"4217",7769,9611,58,"M","Cheb","west Bohemia",87419,21,11,4,3,9,85.5,8624,19,2.66,102,38,3198,"monthly issuance",23,940522,196080,48,4085,1,10472.4978723404,49143.9659574468
"4219",7795,9641,71,"M","Zlin","south Moravia",197099,29,41,10,2,10,74.7,9624,14,2.31,145,57,4265,"monthly issuance",21,961029,372120,60,6202,1,15182.0965116279,64044.0459302326
"4220",7815,9663,71,"M","Prachatice","south Bohemia",51428,50,11,3,1,4,52.7,8402,39,3.98,120,76,1099,"weekly issuance",21,960101,189696,24,7904,1,11582.991011236,54137.1056179775
"4221",7819,9670,68,"M","Louny","north Bohemia",85852,41,23,4,2,4,59.8,8965,70,8.23,104,34,2822,"monthly issuance",23,950202,20832,48,434,1,2499.06821192053,21368.9099337748
"4222",7824,9675,46,"F","Prostejov","south Moravia",110643,49,41,4,1,4,51.9,8441,45,4.48,115,20,2252,"monthly issuance",22,940928,189696,24,7904,-1,4500,14900
"4224",7844,9702,65,"F","Decin","north Bohemia",133777,24,17,7,3,11,84.7,8705,64,7.61,116,58,4859,"monthly issuance",23,940625,91584,24,3816,1,15002.8193548387,50765.4161290323
"4225",7857,9715,39,"F","Jablonec n. Nisou","north Bohemia",88768,10,18,5,1,7,80.5,8867,6,1.21,130,42,3620,"monthly issuance",23,950118,68112,12,5676,1,9898.47551020408,47220.1340136054
"4226",7859,9717,64,"F","Usti nad Orlici","east Bohemia",139012,59,41,8,3,10,61.9,8363,29,3.49,108,30,2799,"monthly issuance",21,961119,72120,12,6010,1,14376.881372549,75686.0656862745
"4227",7861,9721,62,"M","Chomutov","north Bohemia",125236,28,11,1,4,5,87.7,9675,67,7.68,100,64,5190,"monthly issuance",21,951008,21852,36,607,1,9232.25,38509.05
"4231",7926,9798,66,"F","Jesenik","north Moravia",42821,4,13,5,1,3,48.4,8173,36.5,7.01,124,38.5,1358,"weekly issuance",20,960922,84120,24,3505,1,14769.1,56910.6894736842
"4234",7965,9844,71,"M","Brno - venkov","south Moravia",157042,49,70,18,0,9,33.9,8743,20,2.43,111,46,3894,"monthly issuance",23,940930,71460,12,5955,1,10433.4395348837,47991.5302325581
"4239",8027,9915,49,"M","Plzen - jih","west Bohemia",67298,71,19,10,0,7,43.8,8561,5,1.29,110,3,1127,"weekly issuance",23,940605,77640,12,6470,1,13255.7983333333,55570.305
"4241",8039,9930,44,"M","Nymburk","central Bohemia",81344,61,23,4,2,6,55.3,8899,44,3.97,149,40,2487,"monthly issuance",21,961020,93600,24,3900,1,7856.41272727273,40078.7072727273
"4242",8041,9933,75,"M","Ostrava - mesto","north Moravia",323870,0,0,0,1,1,100,10673,59,5.44,100,19,18347,"monthly issuance",23,941106,140400,36,3900,1,10991.5044444444,43563.62
"4243",8051,9945,48,"F","Tachov","west Bohemia",51313,34,12,3,1,4,59.2,8930,47,4.2,108,5,1452,"weekly issuance",23,940601,208320,48,4340,1,9434.43764705882,43944.8894117647
"4244",8073,9973,71,"F","Karlovy Vary","west Bohemia",122603,25,21,6,2,8,80,8991,11,2.01,128,62,5273,"issuance after transaction",23,940217,49320,12,4110,-1,10548.3591836735,46576.2775510204
"4246",8092,9995,58,"M","Brno - mesto","south Moravia",387570,0,0,0,1,1,100,9897,14,1.96,140,17,18696,"monthly issuance",21,960220,56100,60,935,1,3856.60147058824,20158.0014705882
"4249",8127,10040,48,"F","Litomerice","north Bohemia",114006,71,26,6,2,9,62.3,9065,55,5.39,123,53,4166,"monthly issuance",22,960715,155880,24,6495,1,12237.1830985915,63263.1471830986
"4250",8129,10043,51,"M","Jicin","east Bohemia",77917,85,19,6,1,5,53.5,8390,24,2.89,132,21,2122,"monthly issuance",23,940730,74736,36,2076,1,8191.96268656716,37912.9985074627
"4255",8159,10076,47,"F","Plzen - mesto","west Bohemia",170449,0,0,0,1,1,100,10787,31,3.09,131,67,6261,"monthly issuance",21,950613,29784,24,1241,1,6943.35,27626.0833333333
"4257",8173,10095,40,"F","Hl.m. Praha","Prague",1204953,0,0,0,1,1,100,12541,2,0.43,167,73,99107,"monthly issuance",23,940520,80340,12,6695,1,15464.3980769231,61531.5903846154
"4260",8260,10198,40,"M","Tachov","west Bohemia",51313,34,12,3,1,4,59.2,8930,47,4.2,108,5,1452,"monthly issuance",23,940825,224604,36,6239,1,14537.8032258065,57496.9892473118
"4261",8261,10200,36,"F","Rakovnik","central Bohemia",53921,61,22,1,1,2,41.3,8598,33,3.26,123,9,1875,"monthly issuance",23,930913,87840,24,3660,1,9496.92941176471,46318.5529411765
"4263",8316,10269,76,"F","Karvina","north Moravia",285387,0,2,8,5,7,89.9,10177,69,7.75,81,75,10108,"monthly issuance",22,950319,134784,24,5616,1,9329.63454545455,44005.1127272727
"4265",8321,10275,46,"F","Vsetin","north Moravia",148545,8,35,12,3,4,53.5,8909,53,5.56,113,43,3590,"monthly issuance",23,940509,89040,60,1484,1,3441.20459770115,30045.4
"4266",8327,10282,37,"M","Hl.m. Praha","Prague",1204953,0,0,0,1,1,100,12541,2,0.43,167,73,99107,"weekly issuance",21,960310,247728,48,5161,1,12112.076,60054.734
"4267",8330,10287,54,"F","Rychnov nad Kneznou","east Bohemia",78955,50,24,8,1,9,59,9060,18,2.44,124,10,1717,"monthly issuance",23,940330,7656,24,319,1,6436.60987654321,46444.6395061728
"4269",8377,10350,55,"F","Rokycany","west Bohemia",45714,52,10,5,1,6,55.6,8843,36,3.6,113,72,888,"monthly issuance",23,950601,417060,60,6951,1,10583.9932432432,58445.027027027
"4271",8405,10382,51,"F","Strakonice","south Bohemia",70646,94,14,3,1,4,58.4,8547,32,3.64,120,7,1542,"monthly issuance",22,951014,266220,60,4437,1,5581.28125,34922.88125
"4272",8411,10389,73,"F","Strakonice","south Bohemia",70646,94,14,3,1,4,58.4,8547,32,3.64,120,7,1542,"monthly issuance",22,960506,220620,60,3677,1,6331.021875,36907.45625
"4273",8475,10459,52,"F","Pelhrimov","south Bohemia",74062,99,15,4,2,7,61.4,8114,25,2.62,119,2,1181,"monthly issuance",23,940121,21072,24,878,1,3164.47333333333,21575.6866666667
"4274",8489,10475,68,"F","Trutnov","east Bohemia",121947,37,28,7,3,11,70.5,8541,28,2.97,131,45,3839,"monthly issuance",23,950623,265320,36,7370,1,5332.34797297297,35566.8810810811
"4275",8492,10479,61,"F","Benesov","central Bohemia",88884,80,26,6,2,5,46.7,8507,16,1.85,132,25,2674,"monthly issuance",22,950903,85860,60,1431,1,3377.42708333333,30461.4041666667
"4277",8519,10510,71,"F","Cheb","west Bohemia",87419,21,11,4,3,9,85.5,8624,19,2.66,102,38,3198,"monthly issuance",23,940811,74688,12,6224,1,11551.4964285714,48484.6241071429
"4279",8533,10528,64,"F","Pardubice","east Bohemia",162580,83,26,5,1,6,72.8,9538,13,1.81,111,68,5410,"monthly issuance",21,960919,174048,48,3626,1,13503.1260869565,72968.3811594203
"4280",8547,10543,71,"F","Ceske Budejovice","south Bohemia",177686,69,27,10,1,9,74.8,10045,12,1.71,135,70,6295,"weekly issuance",21,960530,173016,36,4806,1,13519.8287234043,61799.2436170213
"4281",8558,10555,81,"M","Hl.m. Praha","Prague",1204953,0,0,0,1,1,100,12541,2,0.43,167,73,99107,"issuance after transaction",22,940614,288360,60,4806,1,8585.04,33211.76
"4282",8564,10563,67,"M","Frydek - Mistek","north Moravia",228848,15,40,18,2,6,57.2,9893,54,4.72,96,65,5887,"monthly issuance",23,950311,76680,24,3195,1,9877.5041958042,62933.4748251748
"4283",8566,10566,74,"F","Ostrava - mesto","north Moravia",323870,0,0,0,1,1,100,10673,59,5.44,100,19,18347,"monthly issuance",23,940929,230220,36,6395,-1,7188.85243902439,27658.487804878
"4284",8625,10636,45,"M","Zlin","south Moravia",197099,29,41,10,2,10,74.7,9624,14,2.31,145,57,4265,"monthly issuance",23,950410,47304,24,1971,1,13867.8467065868,68740.0233532934
"4288",8680,10702,78,"M","Pelhrimov","south Bohemia",74062,99,15,4,2,7,61.4,8114,25,2.62,119,2,1181,"monthly issuance",20,960714,85716,36,2381,1,7206.15789473684,31337.2578947368
"4294",8776,10818,44,"M","Zlin","south Moravia",197099,29,41,10,2,10,74.7,9624,14,2.31,145,57,4265,"monthly issuance",22,950826,33984,48,708,1,4598.14428571429,38587.76
"4298",8899,10963,72,"M","Hl.m. Praha","Prague",1204953,0,0,0,1,1,100,12541,2,0.43,167,73,99107,"weekly issuance",22,951225,125340,60,2089,1,9686.67244094488,51145.5157480315
"4304",8972,11050,59,"F","Karvina","north Moravia",285387,0,2,8,5,7,89.9,10177,69,7.75,81,75,10108,"monthly issuance",20,961221,45024,48,938,1,7779.81538461538,41994.9076923077
"4305",8982,11063,61,"F","Zlin","south Moravia",197099,29,41,10,2,10,74.7,9624,14,2.31,145,57,4265,"monthly issuance",23,941012,227880,36,6330,1,8156.79397590361,45134.721686747
"4307",9006,11093,57,"M","Teplice","north Bohemia",128118,9,16,6,3,8,85.3,9317,68,7.07,97,71,6872,"weekly issuance",22,960608,186384,48,3883,1,11952.6842105263,61578.3015789474
"4308",9017,11105,59,"F","Karvina","north Moravia",285387,0,2,8,5,7,89.9,10177,69,7.75,81,75,10108,"monthly issuance",21,960326,100224,48,2088,-1,4932.61666666667,28124.9333333333
"4309",9024,11114,64,"M","Hl.m. Praha","Prague",1204953,0,0,0,1,1,100,12541,2,0.43,167,73,99107,"monthly issuance",20,961004,70656,48,1472,1,5188.33962264151,32646.8509433962
"4310",9030,11121,45,"F","Olomouc","north Moravia",226122,32,50,7,4,4,62.6,8994,50,4.79,110,74,9208,"monthly issuance",21,961212,155616,48,3242,1,4895.97441860465,44197.5098837209
"4312",9034,11126,51,"F","Hl.m. Praha","Prague",1204953,0,0,0,1,1,100,12541,2,0.43,167,73,99107,"monthly issuance",23,931216,38148,12,3179,1,8369.55517241379,37462.0931034483
"4317",9093,11195,63,"M","Jihlava","south Moravia",109164,98,16,6,1,4,63.6,8757,43,3.95,96,27,2471,"monthly issuance",23,940803,189300,60,3155,1,5114.49803921569,32354.031372549
"4318",9104,11208,59,"F","Praha - vychod","central Bohemia",92084,55,29,4,3,5,46.7,10124,4,0.54,141,50,4316,"monthly issuance",22,940807,172080,48,3585,1,11368.769047619,60743.9571428571
"4326",9188,11314,80,"M","Jicin","east Bohemia",77917,85,19,6,1,5,53.5,8390,24,2.89,132,21,2122,"monthly issuance",23,930728,127080,60,2118,1,5417.45833333333,30060.9541666667
"4328",9199,11327,69,"M","Olomouc","north Moravia",226122,32,50,7,4,4,62.6,8994,50,4.79,110,74,9208,"monthly issuance",20,960911,29448,12,2454,-1,8271.87272727273,28977.4363636364
"4335",9236,11372,55,"M","Praha - zapad","central Bohemia",75637,35,36,9,0,7,36.5,9622,3,0.59,154,44,3529,"monthly issuance",23,931221,86616,12,7218,1,5323.54666666667,25714.0466666667
"4339",9265,11409,36,"F","Ceska Lipa","north Bohemia",105058,32,19,7,2,10,81,9272,35,3.22,118,55,4505,"monthly issuance",23,940711,39576,12,3298,1,8275.28347826087,48944.827826087
"4340",9307,11461,42,"M","Karvina","north Moravia",285387,0,2,8,5,7,89.9,10177,69,7.75,81,75,10108,"monthly issuance",23,940919,41904,12,3492,1,6720.9006993007,36080.3867132867
"4342",9337,11497,57,"F","Praha - zapad","central Bohemia",75637,35,36,9,0,7,36.5,9622,3,0.59,154,44,3529,"monthly issuance",23,940604,52128,24,2172,1,6031.72535211268,33459.6802816901
"4345",9403,11574,72,"F","Hl.m. Praha","Prague",1204953,0,0,0,1,1,100,12541,2,0.43,167,73,99107,"weekly issuance",23,940805,120888,36,3358,1,9301.08958333333,40838.7552083333
"4346",9422,11596,76,"F","Karvina","north Moravia",285387,0,2,8,5,7,89.9,10177,69,7.75,81,75,10108,"monthly issuance",20,961029,86184,12,7182,1,16523.6023809524,59935.2714285714
"4350",9472,11662,44,"M","Sumperk","north Moravia",127369,31,32,13,2,7,51.2,8369,58,5.88,107,48,2807,"weekly issuance",23,950508,36396,12,3033,1,11730.8398734177,57977.0348101266
"4353",9493,11685,51,"F","Zlin","south Moravia",197099,29,41,10,2,10,74.7,9624,14,2.31,145,57,4265,"monthly issuance",21,950909,188688,48,3931,1,10873.7727272727,42203.1727272727
"4356",9510,11709,55,"M","Hl.m. Praha","Prague",1204953,0,0,0,1,1,100,12541,2,0.43,167,73,99107,"monthly issuance",20,961122,228276,36,6341,1,7186.86,41402.135
"4359",9548,11754,50,"M","Uherske Hradiste","south Moravia",145688,22,41,13,2,5,40.7,8544,10,1.86,109,35,2906,"monthly issuance",20,961115,46176,48,962,1,8573.59411764706,33613.1058823529
"4362",9583,11794,46,"F","Tachov","west Bohemia",51313,34,12,3,1,4,59.2,8930,47,4.2,108,5,1452,"weekly issuance",22,951212,104712,24,4363,1,12019.6601851852,52379.1287037037
"4363",9591,11804,72,"M","Ostrava - mesto","north Moravia",323870,0,0,0,1,1,100,10673,59,5.44,100,19,18347,"monthly issuance",23,950411,104712,24,4363,1,11980.312565445,57357.8434554974
"4364",9627,11851,46,"M","Znojmo","south Moravia",114200,101,41,4,1,4,43.7,8403,63,5.72,105,24,2718,"issuance after transaction",22,951122,244368,48,5091,1,17859.1270833333,75924.2409722222
"4368",9640,11866,79,"M","Hl.m. Praha","Prague",1204953,0,0,0,1,1,100,12541,2,0.43,167,73,99107,"monthly issuance",23,950111,76416,24,3184,1,6527.33725490196,31375.1607843137
"4369",9645,11873,53,"F","Louny","north Bohemia",85852,41,23,4,2,4,59.8,8965,70,8.23,104,34,2822,"monthly issuance",20,960606,176148,36,4893,1,17599.4384615385,47154.5
"4371",9656,11886,75,"F","Trebic","south Moravia",117897,139,28,5,1,6,53.8,8814,60,5.74,107,22,2059,"monthly issuance",23,950613,139536,24,5814,1,14454.3115151515,63889.8739393939
"4377",9731,11978,45,"M","Brno - mesto","south Moravia",387570,0,0,0,1,1,100,9897,14,1.96,140,17,18696,"issuance after transaction",22,951122,113796,36,3161,1,6453.25138888889,36840.5736111111
"4378",9750,12003,40,"M","Ostrava - mesto","north Moravia",323870,0,0,0,1,1,100,10673,59,5.44,100,19,18347,"monthly issuance",22,950211,151728,48,3161,-1,8289.6649122807,30491.098245614
"4379",9790,12050,73,"M","Usti nad Orlici","east Bohemia",139012,59,41,8,3,10,61.9,8363,29,3.49,108,30,2799,"monthly issuance",21,960727,133968,48,2791,1,9939.87341772152,46772.3151898734
"4380",9814,12079,44,"F","Zlin","south Moravia",197099,29,41,10,2,10,74.7,9624,14,2.31,145,57,4265,"weekly issuance",21,960926,96168,12,8014,1,8240.56174496644,50492.688590604
"4382",9828,12095,77,"M","Pardubice","east Bohemia",162580,83,26,5,1,6,72.8,9538,13,1.81,111,68,5410,"monthly issuance",23,950413,126600,24,5275,1,11683.9878787879,47118.9931818182
"4383",9833,12102,48,"F","Tabor","south Bohemia",103347,87,16,7,1,7,67,9104,13,2.07,123,29,2354,"monthly issuance",23,940521,97632,12,8136,1,15218.4338461538,53379.1276923077
"4385",9869,12144,36,"M","Benesov","central Bohemia",88884,80,26,6,2,5,46.7,8507,16,1.85,132,25,2674,"monthly issuance",23,950315,331560,60,5526,1,7321.51932773109,36941.9983193277
"4387",9897,12181,55,"M","Hl.m. Praha","Prague",1204953,0,0,0,1,1,100,12541,2,0.43,167,73,99107,"monthly issuance",21,950922,36168,12,3014,1,6931.62222222222,39063.7666666667
"4388",9928,12220,45,"F","Prostejov","south Moravia",110643,49,41,4,1,4,51.9,8441,45,4.48,115,20,2252,"monthly issuance",21,960802,89340,60,1489,1,4646.67045454545,40005.4818181818
"4389",10001,12303,42,"F","Karlovy Vary","west Bohemia",122603,25,21,6,2,8,80,8991,11,2.01,128,62,5273,"monthly issuance",21,960711,19044,36,529,1,6600.44057971015,43121.7550724638
"4392",10019,12325,52,"M","Mlada Boleslav","central Bohemia",112065,95,19,7,1,8,69.4,11277,9,1.44,127,61,4987,"monthly issuance",21,960925,194940,36,5415,1,12668.3175824176,56669.7879120879
"4399",10079,12396,46,"F","Uherske Hradiste","south Moravia",145688,22,41,13,2,5,40.7,8544,10,1.86,109,35,2906,"monthly issuance",23,940406,167100,60,2785,1,14332.4075949367,63707.6265822785
"4400",10093,12416,43,"M","Hl.m. Praha","Prague",1204953,0,0,0,1,1,100,12541,2,0.43,167,73,99107,"weekly issuance",22,951020,231696,36,6436,1,10683.3722222222,45873.6166666667
"4401",10105,12432,51,"M","Brno - venkov","south Moravia",157042,49,70,18,0,9,33.9,8743,20,2.43,111,46,3894,"monthly issuance",23,940827,121896,24,5079,1,13230.3440860215,54422.5967741935
"4402",10131,12464,57,"M","Most","north Bohemia",119895,17,4,3,2,4,89.9,10446,71,9.4,90,59,4743,"monthly issuance",23,940502,215388,36,5983,-1,6110.86,32702.7266666667
"4413",10266,12625,58,"M","Brno - mesto","south Moravia",387570,0,0,0,1,1,100,9897,14,1.96,140,17,18696,"monthly issuance",23,931223,75624,24,3151,-1,13406.7391304348,50009.9086956522
"4415",10297,12662,63,"M","Ceske Budejovice","south Bohemia",177686,69,27,10,1,9,74.8,10045,12,1.71,135,70,6295,"monthly issuance",20,961118,421008,48,8771,1,8521.962,37436.422
"4416",10320,12695,37,"M","Frydek - Mistek","north Moravia",228848,15,40,18,2,6,57.2,9893,54,4.72,96,65,5887,"monthly issuance",23,931213,259740,60,4329,1,13038.0882352941,45198.1529411765
"4421",10364,12754,56,"M","Brno - venkov","south Moravia",157042,49,70,18,0,9,33.9,8743,20,2.43,111,46,3894,"monthly issuance",23,931110,21924,36,609,1,5957.54444444444,34272.2133333333
"4424",10411,12810,52,"M","Most","north Bohemia",119895,17,4,3,2,4,89.9,10446,71,9.4,90,59,4743,"issuance after transaction",21,961211,123408,24,5142,1,5789.86461538462,28359.2553846154
"4425",10436,12840,77,"M","Prostejov","south Moravia",110643,49,41,4,1,4,51.9,8441,45,4.48,115,20,2252,"monthly issuance",20,960928,54396,36,1511,1,3853.82608695652,30293.7086956522
"4426",10439,12843,63,"M","Zdar nad Sazavou","south Moravia",125832,151,41,2,3,5,48.3,8512,46,4.12,102,28,2103,"monthly issuance",23,940603,151560,24,6315,1,16935.5535714286,53976.2928571429
"4427",10440,12844,70,"M","Jicin","east Bohemia",77917,85,19,6,1,5,53.5,8390,24,2.89,132,21,2122,"monthly issuance",23,950703,60000,60,1000,1,2567.84452554745,24643.2839416058
"4429",10451,12859,40,"F","Hl.m. Praha","Prague",1204953,0,0,0,1,1,100,12541,2,0.43,167,73,99107,"monthly issuance",23,941219,482940,60,8049,-1,4060.68076923077,26358.7546153846
"4432",10520,12943,46,"M","Brno - venkov","south Moravia",157042,49,70,18,0,9,33.9,8743,20,2.43,111,46,3894,"issuance after transaction",21,961205,417600,60,6960,1,8159.97058823529,43196.7441176471
"4437",10630,13071,60,"M","Usti nad Labem","north Bohemia",118650,8,8,5,1,3,85.6,9832,41,4.48,114,69,5471,"monthly issuance",21,950624,198240,24,8260,1,7546.8875,30953.14375
"4443",10663,13113,40,"M","Praha - zapad","central Bohemia",75637,35,36,9,0,7,36.5,9622,3,0.59,154,44,3529,"monthly issuance",23,951028,260028,36,7223,1,12514.3571428571,50676.8198757764
"4449",10728,13190,60,"M","Novy Jicin","north Moravia",161227,5,35,11,4,10,69.7,8678,66,5.57,102,60,4595,"monthly issuance",22,960321,154656,48,3222,1,6653.89550561798,31791.3280898876
"4450",10738,13201,79,"M","Tachov","west Bohemia",51313,34,12,3,1,4,59.2,8930,47,4.2,108,5,1452,"weekly issuance",23,941221,115992,36,3222,1,6214.37401574803,25666.4070866142
"4451",10762,13231,57,"M","Hl.m. Praha","Prague",1204953,0,0,0,1,1,100,12541,2,0.43,167,73,99107,"monthly issuance",21,960917,68832,36,1912,1,7828.98113207547,37557.0547169811
"4453",10788,13260,39,"F","Olomouc","north Moravia",226122,32,50,7,4,4,62.6,8994,50,4.79,110,74,9208,"weekly issuance",23,940823,45768,12,3814,1,5645.46666666667,32555.8185185185
"4459",10884,13380,74,"M","Znojmo","south Moravia",114200,101,41,4,1,4,43.7,8403,63,5.72,105,24,2718,"monthly issuance",21,960213,113544,36,3154,1,6453.48309859155,33990.4197183099
"4463",10911,13412,62,"M","Hl.m. Praha","Prague",1204953,0,0,0,1,1,100,12541,2,0.43,167,73,99107,"weekly issuance",23,940728,131292,36,3647,1,7915.58313253012,36635.1156626506
"4465",10940,13447,46,"F","Rakovnik","central Bohemia",53921,61,22,1,1,2,41.3,8598,33,3.26,123,9,1875,"monthly issuance",23,940223,197748,36,5493,1,14293.4125,44735.43125
"4466",10942,13451,61,"F","Chrudim","east Bohemia",105606,77,26,7,2,7,53,8254,34,3.76,97,26,2325,"weekly issuance",22,951002,314520,60,5242,1,15168.3623076923,63527.42
"4468",10963,13480,63,"M","Jindrichuv Hradec","south Bohemia",93931,74,21,10,1,8,56.9,8427,8,1.54,107,18,1913,"monthly issuance",21,961225,115812,36,3217,1,13280.0846774194,56646.5161290323
"4469",10973,13490,47,"F","Pisek","south Bohemia",70699,60,13,2,1,4,65.3,8968,37,3.35,131,13,1910,"weekly issuance",23,931013,154416,48,3217,1,9740.15,46715.8
"4470",11013,13539,38,"M","Vyskov","south Moravia",86513,38,36,5,1,5,50.5,8288,49,4.52,110,6,1460,"weekly issuance",23,930906,274740,60,4579,1,18945.9666666667,57188.2111111111
"4471",11021,13548,40,"M","Hl.m. Praha","Prague",1204953,0,0,0,1,1,100,12541,2,0.43,167,73,99107,"monthly issuance",23,950304,168984,24,7041,-1,11357.386875,56053.9975
"4473",11042,13576,42,"M","Olomouc","north Moravia",226122,32,50,7,4,4,62.6,8994,50,4.79,110,74,9208,"monthly issuance",21,951204,217152,36,6032,1,12666.7824561404,49107.0666666667
"4475",11054,13590,39,"M","Kromeriz","south Moravia",108871,41,29,7,2,6,62.1,8444,40,3.47,106,31,2305,"weekly issuance",20,960820,148920,60,2482,1,7832.08387096774,32435.3193548387
"4476",11065,13603,75,"M","Nachod","east Bohemia",112709,48,20,7,3,10,73.5,8369,19,2.31,117,37,2618,"monthly issuance",23,940612,69360,48,1445,1,4748.16794871795,33857.1064102564
"4480",11111,13657,53,"F","Kromeriz","south Moravia",108871,41,29,7,2,6,62.1,8444,40,3.47,106,31,2305,"monthly issuance",23,940131,108144,36,3004,1,13671.4290909091,54652.8981818182
"4482",11135,13687,57,"M","Prerov","north Moravia",138032,67,30,4,2,5,64.6,8819,62,5.66,99,51,4505,"monthly issuance",23,940301,182628,36,5073,1,8281.60769230769,33229.1076923077
"4483",11138,13690,53,"M","Karvina","north Moravia",285387,0,2,8,5,7,89.9,10177,69,7.75,81,75,10108,"weekly issuance",21,960119,89880,24,3745,1,13517.224137931,62571.2827586207
"4485",11186,13750,36,"F","Pribram","central Bohemia",107870,84,29,6,1,6,58,8754,51,4.31,137,49,3868,"monthly issuance",22,961002,392460,60,6541,1,12882.5230769231,57131.7405594406
"4488",11265,13845,43,"M","Cesky Krumlov","south Bohemia",58796,22,16,7,1,5,51.9,9045,39,3.6,124,15,1879,"monthly issuance",23,930915,52788,12,4399,1,3714.8976744186,22198.1790697674
"4497",11349,13955,71,"F","Hl.m. Praha","Prague",1204953,0,0,0,1,1,100,12541,2,0.43,167,73,99107,"weekly issuance",21,951029,419880,60,6998,1,24426.4722222222,59352.8333333333
"4498",11359,13968,48,"M","Trebic","south Moravia",117897,139,28,5,1,6,53.8,8814,60,5.74,107,22,2059,"monthly issuance",22,960806,54024,12,4502,1,8708.72244897959,36480.1850340136
"4499",11362,13971,54,"F","Bruntal","north Moravia",106054,38,25,6,2,6,63.1,8110,65,6.55,109,41,3079,"monthly issuance",21,961227,129408,24,5392,1,4550.30280373832,30869.7813084112
